,i_vbias,ibn,p_vbias,vgs_m1,drc,lvs,em,name,type,time,OK
0,-0.0000235752,0.0000235865,0.00002121768,0.763184,0,0,0,typical,Lay,1778400207.029678,True
